,Unnamed: 0,0-XNose,0-YNose,1-XNeck,1-YNeck,2-XRShoulder,2-YRShoulder,3-XRElbow,3-YRElbow,4-XRWrist,4-YRWrist,5-XLShoulder,5-YLShoulder,6-XLElbow,6-YLElbow,7-XLWrist,7-YLWrist,8-XMidHip,8-YMidHip,9-XRHip,9-YRHip,10-XRKnee,10-YRKnee,11-XRAnkle,11-YRAnkle,12-XLHip,12-YLHip,13-XLKnee,13-YLKnee,14-XLAnkle,14-YLAnkle,15-XREye,15-YREye,16-XLEye,16-YLEye,17-XREar,17-YREar,18-XLEar,18-YLEar,19-XLBigToe,19-YLBigToe,20-XLSmallToe,20-YLSmallToe,21-XLHeel,21-YLHeel,22-XRBigToe,22-YRBigToe,23-XRSmallToe,23-YRSmallToe,24-XRHeel,24-YRHeel,RightKneeAngle,LeftKneeAngle,LeftHeelAngleAngle,RightHeelAngleAngle,HipAngle,time,XHead,YHead,label
3,3,197.8,93.0,198.0,140.10399999999998,198.0,128.52,166.0,135.6,124.8,140.0,250.0,150.28,256.2,187.0,246.0,270.6,210.4,211.8,191.6,203.0,133.0,242.0,154.0,313.0,231.4,222.0,231.4,286.2,237.42405342447518,313.0,191.4,148.0,206.2,86.0,183.2,148.0,225.2,93.0,229.00689968943746,317.40042938246427,251.14371003329543,336.0,240.0,320.0,198.0,326.4,198.0,328.0,240.0,320.0,107.16803580317185,167.33171768698068,134.0538599990527,35.325333110422214,141.85421260333132,1550512003.0258222,200.76000000000005,113.6,bottom
7,7,197.8,93.0,198.0,125.0,198.0,117.0,166.0,135.6,124.8,162.6,250.0,125.0,256.2,172.0,246.0,270.6,210.4,203.0,191.6,203.0,133.0,234.0,154.0,313.0,231.4,222.0,231.4,286.2,237.42405342447518,313.0,191.4,148.0,206.2,86.0,183.2,148.0,225.2,93.0,229.00689968943746,317.40042938246427,251.14371003329543,336.0,240.0,320.0,187.2142857142857,326.4,198.0,328.0,228.95833333333331,284.1666666666667,102.99303185519423,167.33171768698068,134.0538599990527,39.90308725901792,144.68362745688316,1550512003.0258222,200.76000000000005,113.6,bottom
12,12,170.05714285714288,93.2,203.74776785714286,108.13169642857143,176.8,129.4,166.0,135.6,124.8,133.0,250.0,154.6,256.2,215.6,246.0,270.6,219.0,214.0,191.6,203.0,133.0,219.0,154.0,313.0,219.0,222.0,231.4,286.2,237.42405342447518,320.0,191.4,148.0,178.1795918367347,86.71020408163265,183.2,148.0,225.2,88.86297376093296,229.00689968943746,317.40042938246427,251.14371003329543,336.0,229.0,328.0,187.0,326.4,187.0,324.8,235.47817460317458,305.32539682539687,92.67833387485548,179.1736531126103,143.67970394593883,59.61368448344975,128.1694651290424,1550512003.0258222,189.60734693877552,112.95463556851311,bottom
16,16,160.01632653061225,85.50357142857142,201.499503968254,140.4,176.8,129.4,166.0,135.6,124.8,125.0,250.0,154.6,256.2,215.6,246.0,270.6,219.0,214.0,191.6,203.0,133.0,219.0,154.0,313.0,219.0,222.0,219.0,286.2,237.42405342447518,313.0,191.4,148.0,206.2,77.91720116618076,183.2,148.0,225.2,81.97870678883798,229.00689968943746,317.40042938246427,251.14371003329543,336.0,240.0,328.0,198.0,326.4,198.0,328.0,237.72352380952384,312.6121904761905,92.67833387485548,145.4928512089814,98.25928178147966,25.377418551966795,118.53818952724713,1550512003.0258222,193.20326530612246,108.27989587671803,bottom
19,19,197.8,86.0,198.0,117.0,198.0,109.0,166.0,135.6,124.8,126.5305396825397,250.0,117.0,256.2,172.0,246.0,270.6,210.4,214.0,191.6,195.0,133.0,226.0,154.0,313.0,231.4,222.0,231.4,286.2,237.42405342447518,320.0,191.4,148.0,206.2,78.0,183.2,148.0,225.2,86.0,229.00689968943746,317.40042938246427,251.14371003329543,336.0,240.0,320.0,190.21974206349205,327.2608134920635,192.33341269841273,324.0515873015873,235.792906031746,313.6298082539683,104.30886431905029,169.89448545551778,134.0538599990527,51.67950935407749,138.89959274285937,1550512003.0258222,200.76000000000005,109.2,bottom
22,22,197.8,86.0,198.0,117.0,176.8,109.0,166.0,135.6,124.8,127.7738742621987,250.0,117.0,256.2,172.0,246.0,270.6,210.4,214.0,191.6,195.0,133.0,226.0,154.0,313.0,231.4,222.0,231.4,286.2,237.42405342447518,320.0,191.4,148.0,206.2,78.0,183.2,148.0,225.2,78.0,229.00689968943746,317.40042938246427,251.14371003329543,336.0,240.0,320.0,189.02466564857238,321.1702161136564,189.7279207737517,319.43616085890136,235.16629074368018,315.87840965314524,104.30886431905029,169.89448545551778,134.0538599990527,76.45385233948222,138.89959274285937,1550512003.0258222,200.76000000000005,107.6,bottom
24,24,161.2003123698459,84.16355685131195,202.215270888448,140.4,176.8,129.4,166.0,135.6,124.8,128.0064648389836,250.0,154.6,256.2,215.6,246.0,270.6,210.4,214.0,191.6,203.0,133.0,219.0,154.0,313.0,219.0,222.0,219.0,286.2,237.42405342447518,313.0,191.4,148.0,206.2,74.91160825846373,183.2,148.0,225.2,79.75336381949698,229.00689968943746,317.40042938246427,251.14371003329543,336.0,237.8181818181818,320.0,187.0,323.3027083544096,187.0,320.4087376318336,233.8927281578589,318.3668453797554,92.67833387485548,145.4928512089814,108.97853616952216,80.60292513085501,131.94730226166678,1550512003.0258222,193.4400624739692,106.96570578585454,bottom
27,27,166.0,86.0,198.0,117.0,198.0,117.0,141.4,147.0,156.0,133.0,250.0,117.0,256.2,164.0,246.0,270.6,210.4,214.0,191.6,195.0,133.0,226.0,154.0,313.0,231.4,222.0,231.4,286.2,237.42405342447518,313.0,191.4,148.0,206.2,78.0,183.2,148.0,225.2,78.0,229.00689968943746,317.40042938246427,251.14371003329543,336.0,240.0,320.0,188.16711991696582,321.4770687081441,188.553407910725,320.48457692892515,233.35105262645504,319.5041959449736,104.30886431905029,167.33171768698068,134.0538599990527,82.25462044405339,138.89959274285937,1550512003.0258222,194.4,107.6,bottom
29,29,160.521517819956,85.04673052894628,199.65190886105597,140.4,197.95833333333331,129.4,141.4,140.86111111111111,124.8,135.15820463870634,250.0,154.6,256.2,215.6,246.0,270.6,210.4,214.0,191.6,203.0,133.0,218.0,154.0,305.0,237.4,222.0,231.4,286.2,237.42405342447518,313.0,191.4,148.0,206.2,75.68903093098966,183.2,148.0,225.2,79.50096109128485,229.00689968943746,317.40042938246427,251.14371003329543,336.0,240.0,320.0,187.5823043161763,326.4,187.76227623293352,317.50856354678785,232.62241244913417,320.9414158773208,90.7874339776738,161.9924808832431,134.0538599990527,64.53377046493219,135.18433503771544,1550512003.0258222,193.3043035639912,107.24734451024415,bottom
31,31,197.8,84.62908157469948,197.79392826478858,117.0,187.0,117.0,141.4,132.5054012345679,146.0,164.0,250.0,117.0,256.2,172.0,246.0,270.6,210.4,214.0,191.6,203.0,133.0,219.3636363636364,154.0,313.0,231.4,222.0,231.4,286.2,237.42405342447518,313.0,191.4,148.0,206.2,75.73390356406057,183.2,148.0,225.2,78.6477271648739,229.00689968943746,317.40042938246427,251.14371003329543,336.0,240.0,320.0,187.679355035539,326.4,187.88932227175582,318.855228899824,233.20456876635743,319.8053590369653,92.96134836680588,167.33171768698068,134.0538599990527,75.04979889826294,136.57278809526585,1550512003.0258222,200.76000000000005,107.00214246072679,bottom
33,33,157.649005091416,85.17406586541324,198.0,140.4,187.0,129.4,141.4,135.6,124.8,139.8648354717358,250.0,154.6,256.2,215.6,246.0,270.6,219.0,214.0,191.6,203.0,133.0,219.0,154.0,305.0,229.0,222.0,219.0,286.2,237.42405342447518,313.0,191.4,148.0,206.2,77.05400883742561,183.2,148.0,225.2,80.30384602608139,229.00689968943746,317.40042938246427,251.14371003329543,336.0,240.0,320.0,187.0,326.4,187.0,324.8,233.0528935828492,320.10156635869737,91.54936669782505,136.63941871461037,109.1729386932463,59.47398263923984,115.98868044084256,1550512003.0258222,192.7298010182832,107.70638414578404,bottom
36,36,197.8,85.35330453297522,197.7831316748186,140.4,193.0,129.4,141.4,135.6,124.8,162.6,250.0,154.6,256.2,215.6,250.0,270.6,210.4,214.0,191.6,203.0,133.0,234.0,154.0,310.599025974026,229.0,222.0,219.0,286.2,237.42405342447518,320.0,191.4,148.0,206.2,77.58685966783591,183.2,148.0,225.2,79.39038457888039,229.00689968943746,317.40042938246427,251.14371003329543,336.0,229.0,328.0,187.0,326.4,187.0,324.8,233.11609669471216,319.97757332415335,102.54807230123045,142.55219293595908,94.92111816097332,69.14092081952855,133.5421854041892,1550512003.0258222,200.76000000000005,107.66610975593831,bottom
38,38,197.8,93.0,198.0,125.0,198.0,117.0,141.4,135.6,124.8,137.2079591653911,250.0,125.0,256.2,180.0,246.0,270.6,210.4,214.0,191.6,195.0,133.0,226.0,154.0,313.0,231.4,222.0,231.4,286.2,237.42405342447518,320.0,191.4,133.66666666666666,206.2,86.0,183.2,148.0,225.2,76.61238759223919,229.00689968943746,317.40042938246427,251.14371003329543,336.0,240.0,320.0,187.0889176527441,326.4,187.1165942986321,317.39998573415835,233.09756538510302,320.01401849329386,104.30886431905029,169.89448545551778,134.0538599990527,83.86524958183506,138.2527673069259,1550512003.0258222,200.76000000000005,107.45581085178117,bottom
42,42,197.8,93.0,198.0,117.0,198.0,109.0,141.4,135.6,124.8,132.42531571861096,250.0,117.0,256.2,172.0,246.0,270.6,210.4,214.0,191.6,195.0,133.0,223.63636363636363,154.0,313.0,231.4,222.0,231.4,286.2,237.42405342447518,313.0,214.06327160493825,121.44573045267487,206.2,78.0,183.2,148.0,225.2,78.0,229.00689968943746,317.40042938246427,251.14371003329543,336.0,229.0,320.0,186.86916964923984,326.4,187.033312656752,317.9535673526167,233.1047461508144,319.99985953330213,102.81933539479135,167.33171768698068,158.25716421548103,82.41172247451051,138.1412607933438,1550512003.0258222,205.29265432098768,103.68914609053498,bottom
46,46,197.8,93.0,198.0,125.0,176.8,117.0,141.4,135.6,124.8,131.76270191129913,250.0,125.0,256.2,180.0,246.0,270.6,210.4,203.0,191.6,203.0,133.0,219.0,154.0,313.0,231.4,222.0,231.4,286.2,237.42405342447518,320.0,199.47466666666665,106.50977777777777,206.2,86.0,183.2,148.0,225.2,86.0,229.00689968943746,317.40042938246427,251.14371003329543,336.0,240.0,320.0,186.92811120502324,322.0184473586182,187.01110421891732,320.29702245087225,234.93096785738118,319.99732728438795,92.67833387485548,169.89448545551778,134.0538599990527,90.36524007677276,141.3467048502939,1550512003.0258222,202.37493333333336,103.90195555555556,bottom
50,50,197.8,101.0,198.0,125.0,176.8,117.0,141.4,135.6,124.8,132.51134801885001,250.0,125.0,256.2,172.0,246.0,270.6,210.4,203.0,191.6,195.0,133.0,219.0,154.0,311.5238095238095,231.4,222.0,231.4,286.2,237.42405342447518,313.0,190.98494210699587,97.81791691906722,206.2,73.87520946904942,183.2,148.0,225.2,93.0,229.00689968943746,317.40042938246427,251.14371003329543,336.0,229.0,320.0,187.13783525619868,323.0813555282187,187.00392802301837,319.86017120711125,236.89750799452187,319.9978804711139,99.4841668835288,167.33171768698068,158.25716421548103,88.56161705290167,141.3467048502939,1550512003.0258222,200.67698842139922,102.73862527762333,bottom
52,52,157.8607766109204,68.41394295113196,198.0,140.4,176.8,129.4,141.4,135.6,124.8,133.19176749966834,250.0,154.6,256.2,215.6,240.0,270.6,198.0,214.0,198.0,203.0,133.0,211.0,154.0,311.61269841269836,231.4,222.0,219.0,286.2,237.42405342447518,313.0,187.22342840283488,93.9668433648072,206.2,72.2324613722138,183.2,148.0,225.2,64.59417394342967,229.00689968943746,317.40042938246427,251.14371003329543,336.0,240.0,320.0,188.39582290008502,324.0654169328166,187.00269422091645,322.03550204590323,237.6581014446693,319.9985446323784,85.22691748057333,134.560989777109,109.1729386932463,79.23619012062096,147.5502427173221,1550512003.0258222,191.9368410027511,89.44148432631653,bottom
54,54,197.8,93.0,214.6,117.0,198.0,117.0,141.4,135.6,124.8,138.96621948422748,250.0,117.0,256.2,172.0,246.0,270.6,210.4,214.0,191.6,195.0,133.0,234.0,154.0,311.7339105339105,231.4,222.0,231.4,286.2,237.42405342447518,313.0,180.62471881565307,88.35387878745433,206.2,78.0,183.2,148.0,225.2,86.0,229.00689968943746,317.40042938246427,251.14371003329543,336.0,229.0,320.0,187.0,326.4,187.0,328.0,240.0,320.0,108.52720552393244,167.33171768698068,158.25716421548103,79.4411279817143,151.0246042203389,1550512003.0258222,198.60494376313062,98.67077575749087,bottom
58,58,197.8,78.0,198.0,109.0,198.0,109.0,141.4,135.6,124.8,140.81857678593562,250.0,109.0,256.2,164.0,246.0,270.6,210.4,214.0,191.6,203.0,133.0,226.0,154.0,313.0,231.4,222.0,231.4,286.2,237.42405342447518,313.0,171.2921629578542,79.73033614997244,206.2,70.0,183.2,148.0,225.2,78.0,229.00689968943746,317.40042938246427,251.14371003329543,336.0,229.0,320.0,187.0608644460934,323.64798183310944,187.0002197972282,321.99230925958597,238.5220799716613,319.9990497580748,97.85914930356725,167.33171768698068,158.25716421548103,90.55279442734428,139.44932664867062,1550512003.0258222,196.73843259157084,90.7460672299945,bottom
62,62,197.8,86.0,198.0,109.0,198.0,109.0,141.4,135.6,124.8,154.29610310697353,250.0,109.0,256.2,215.6,246.0,270.6,210.4,214.0,191.6,203.0,133.0,234.0,154.0,313.0,231.4,222.0,231.4,286.2,237.42405342447518,320.0,179.74264239820445,88.2783809654247,206.2,78.0,183.2,145.88271604938268,225.2,78.0,229.00689968943746,317.40042938246427,251.14371003329543,336.0,229.0,320.0,187.0236695068141,326.02977071287586,187.00008547669984,325.3858980453945,233.30263363224157,322.11655647040385,102.99303185519423,169.89448545551778,158.25716421548103,75.1439510233076,141.81014095281418,1550512003.0258222,198.4285284796409,95.23221940296148,bottom
66,66,197.8,86.0,198.0,109.0,198.0,109.0,141.4,124.27514389375355,124.8,158.38283101012402,250.0,117.0,256.2,164.0,246.0,270.6,210.4,214.0,191.6,195.0,133.0,219.0,154.0,311.734375,231.4,222.0,231.4,286.2,237.42405342447518,320.0,184.4597723128569,90.53174380007569,206.2,78.0,183.2,143.44718792866942,225.2,78.0,229.00689968943746,317.40042938246427,251.14371003329543,336.0,229.0,320.0,187.0131497260078,331.3220948404866,187.00004748705547,330.96438780299695,229.5954726104729,324.55238130914415,99.51225145164058,169.89448545551778,158.25716421548103,50.90189573659765,137.11409476459897,1550512003.0258222,199.37195446257138,95.19578634574903,bottom
69,69,169.06113548603997,89.75803932632654,203.66071428571428,140.4,176.8,129.4,141.4,135.6,124.8,140.0,250.0,154.6,256.2,215.6,246.0,270.6,210.4,214.0,191.6,203.0,133.0,219.0,154.0,313.0,229.0,222.0,231.4,286.2,237.42405342447518,313.0,186.38425139366817,91.24619546642687,206.2,70.70875442813637,183.2,142.06268208243515,225.2,69.89049710395278,229.00689968943746,317.40042938246427,251.14371003329543,336.0,240.0,328.0,187.00606348477027,328.7132040494625,187.0000218968089,328.54826135995336,228.98288589228923,325.93705905800414,92.67833387485548,169.47261905330382,113.72687597211822,56.30680674066154,138.61748046556608,1550512003.0258222,194.00907737594167,92.73323368145553,bottom
73,73,159.73175299601144,81.07372552180759,200.8494897959184,106.93877551020408,176.8,129.4,141.4,135.6,124.8,140.7882375508471,250.0,107.26530612244898,256.2,215.6,246.0,270.6,219.0,214.0,191.6,203.0,133.0,250.0,154.0,312.58756150509066,219.0,222.0,219.0,286.2,237.42405342447518,320.0,177.93456161302555,81.35726148459116,206.2,70.05964412232467,183.2,141.73557563263438,225.2,71.11157060112936,229.00689968943746,317.40042938246427,251.14371003329543,336.0,240.0,320.0,187.0,326.9012792746633,187.0,326.8207887280333,228.54852994513396,326.26420697301063,110.18313492275554,151.40562543033013,109.1729386932463,69.90263754888913,131.89937635013234,1550512003.0258222,190.45326292180738,89.06755547249745,bottom
77,77,166.47807713789174,90.06009804711857,203.29988662131518,120.47528344671206,176.8,104.64166666666668,141.4,135.6,124.8,140.55843976251788,250.0,120.54784580498868,256.2,159.56235827664398,246.0,270.6,208.0,214.0,191.6,203.0,133.0,226.0,154.0,312.62646856701616,219.0,222.0,231.4,286.2,237.42405342447518,320.0,190.10482746693515,94.50255062385126,206.2,70.73132689209277,183.2,143.3345078266137,225.2,80.80567042806011,229.00689968943746,317.40042938246427,251.14371003329543,336.0,240.0,320.0,187.0015936421791,327.5159576279821,187.00000575505334,327.4726063807885,231.16614703031465,326.4801167638757,97.8028112319289,179.1736531126103,134.0538599990527,67.59866791991128,145.62192811596947,1550512003.0258222,194.2365809209654,95.8868307635473,bottom
80,80,169.16597032365968,99.73956550963787,219.0,120.05207173778601,176.8,105.97024793388428,141.4,135.6,124.8,144.59528153572157,250.0,119.88344671201813,256.2,164.5892452218983,246.0,270.6,208.0,211.0,191.6,211.0,133.0,230.54545454545453,154.0,313.53584779180665,219.0,211.0,219.0,286.2,237.42405342447518,320.0,202.06937225940567,107.02823501910616,206.2,71.06609339774079,183.2,144.49989998041892,225.2,83.22919538479279,229.00689968943746,317.40042938246427,251.14371003329543,336.0,229.0,320.0,187.0,326.4,187.0,324.8,240.0,328.0,94.24548332224235,151.40562543033013,109.64440665602278,99.56008890191885,152.8575353821623,1550512003.0258222,197.16706851661306,101.11259785833931,bottom
84,84,170.75093424148463,102.18685457538292,201.875,109.0,176.8,107.0,141.4,135.6,124.8,143.50008357408572,250.0,108.0,256.2,215.6,246.0,270.6,210.4,214.0,191.6,203.0,133.0,211.0,154.0,313.0,219.0,222.0,219.0,286.2,237.42405342447518,313.0,209.29881196898975,114.85647914493109,206.2,71.44745525649736,183.2,145.15673840802862,225.2,85.31845648354181,229.00689968943746,317.40042938246427,251.14371003329543,336.0,229.0,320.0,187.0,326.4,187.0,324.8,222.09151294456154,275.7105239585527,86.14025815093024,145.4928512089814,109.64440665602278,35.35675237664719,130.52438394485057,1550512003.0258222,198.9299492420949,103.79319677367634,bottom
88,88,159.67870489164062,93.59812208219758,197.63888888888889,140.4,193.77777777777774,129.4,141.4,135.6,124.8,141.7179509792244,250.0,154.6,256.2,215.6,246.0,270.6,219.0,214.0,191.6,203.0,133.0,219.0,154.0,313.0,229.0,222.0,219.0,286.2,237.42405342447518,313.0,196.61940749570488,107.68000931006807,206.2,71.27070150185641,183.2,145.07140327130546,225.2,76.37670185244052,229.00689968943746,317.40042938246427,251.14371003329543,336.0,229.0,320.0,187.0,326.4,187.0,324.8,212.7536612277523,238.78969515774742,92.67833387485548,136.63941871461037,109.64440665602278,37.35378090031972,115.7290652632984,1550512003.0258222,194.17962247746908,98.7993876035736,bottom
91,91,197.8,93.0,198.0,117.0,198.0,109.0,141.4,135.6,124.8,141.1107422954299,250.0,117.0,256.2,172.0,246.0,270.6,210.4,214.0,191.6,195.0,133.0,219.0,154.0,313.0,231.4,222.0,231.4,286.2,237.42405342447518,313.0,186.5501373190097,102.24063051282543,206.2,86.0,183.2,145.0342078579471,225.2,86.0,229.00689968943746,317.40042938246427,251.14371003329543,336.0,229.0,320.0,185.95697207985725,326.4,185.95691630193176,324.8,212.58305932330418,238.36171517286846,99.67853283603287,167.33171768698068,158.25716421548103,38.52547008413719,136.56436085878772,1550512003.0258222,199.79002746380198,102.4549676741545,bottom
95,95,197.8,93.0,196.47520661157026,117.0,198.0,109.0,141.4,135.6,156.0,140.0,250.0,117.0,256.2,180.0,246.0,270.6,210.4,214.0,191.6,195.0,133.0,234.0,154.0,313.0,231.4,222.0,231.4,286.2,237.42405342447518,313.0,181.00274421162598,99.40044282271224,206.2,86.0,183.2,145.06857837635715,225.2,86.0,229.00689968943746,317.40042938246427,251.14371003329543,336.0,229.0,320.0,185.97366660876347,326.4,185.9736314846069,324.8,216.611480597338,248.81453272902425,108.75865034784223,167.33171768698068,158.25716421548103,47.258371156198216,140.37604563796663,1550512003.0258222,198.6805488423252,101.89380423981387,bottom
99,99,197.8,93.0,198.0,125.0,198.0,117.0,141.4,135.6,156.0,137.2607655115581,250.0,125.0,256.2,180.0,246.0,270.6,210.4,203.0,191.6,203.0,133.0,226.0,154.0,313.0,231.4,222.0,231.4,286.2,237.42405342447518,313.0,181.72082306274362,99.7824004654663,206.2,86.0,183.2,145.0689615205639,225.2,93.0,229.00689968943746,317.40042938246427,251.14371003329543,336.0,231.2,320.0,186.4399026953918,320.6482897650077,186.43988187368703,320.19962674575385,223.1919348760954,268.9814681221603,97.85914930356725,167.33171768698068,151.90094781226063,44.73476345870576,142.9954457196475,1550512003.0258222,198.82416461254874,103.37027239720605,bottom
103,103,197.8,101.0,196.38672924531508,125.0,187.0,125.0,141.4,143.51562355549214,158.32913822823758,156.0,250.0,133.0,256.2,187.0,246.0,270.6,210.4,203.0,191.6,211.0,133.0,250.0,154.0,313.0,231.4,222.0,231.4,286.2,237.42405342447518,313.0,181.79851064274465,99.82146731131313,206.2,93.0,183.2,145.06853899666382,225.2,93.0,229.00689968943746,317.40042938246427,251.14371003329543,336.0,229.0,320.0,187.0,326.4,187.0,324.8,226.3710906081888,278.6492737064388,105.2099683739378,167.33171768698068,158.25716421548103,57.4002835796318,146.39376290241663,1550512003.0258222,198.83970212854894,106.37800126159539,bottom
107,107,197.8,101.0,198.0,133.0,198.0,125.0,141.4,141.53108919490919,157.32028019566403,156.0,250.0,133.0,256.2,180.0,246.0,270.6,210.4,211.0,191.6,211.0,133.0,242.0,154.0,313.0,231.4,222.0,231.4,286.2,237.42405342447518,313.0,181.78740529359416,99.81461419110987,206.2,93.0,183.2,145.06833844331624,225.2,93.0,229.00689968943746,317.40042938246427,251.14371003329543,336.0,240.0,320.0,186.92458304919487,326.4,186.9047300346786,324.8,225.98502387419984,277.4870805134061,101.40241731052382,167.33171768698068,134.0538599990527,52.73725833547947,142.9954457196475,1550512003.0258222,198.83748105871888,106.37659052688522,bottom
111,111,197.8,109.0,214.6,133.0,198.0,125.0,141.4,141.31601828814286,159.52127297761885,148.90758312179872,250.0,133.0,256.2,187.0,246.0,270.6,210.4,203.0,191.6,203.0,133.0,242.0,154.0,313.0,231.4,222.0,231.4,286.2,237.42405342447518,313.0,176.73844911191296,100.02645253649206,206.2,101.0,183.2,145.06826949181362,225.2,101.0,229.00689968943746,317.40042938246427,251.14371003329543,336.0,240.0,320.0,186.9567630250806,327.9335327913648,186.93694336318995,326.02771113749475,225.9421821822937,277.35954102208456,107.16803580317185,167.33171768698068,134.0538599990527,52.40375459517602,158.65848979361857,1550512003.0258222,197.82768982238264,111.21894440566113,bottom
116,116,197.8,88.00035643514414,198.0,140.4,187.0,129.4,141.4,141.33557375514357,165.5290139245846,148.30250876760488,250.0,154.6,256.2,215.6,246.0,270.6,210.4,214.0,191.6,203.0,133.0,226.0,154.0,311.0102535341412,229.0,222.0,231.4,286.2,237.42405342447518,313.0,171.4718127067658,100.27259738200114,206.2,129.4,183.2,145.06826995562975,225.2,123.4,229.00689968943746,317.40042938246427,251.14371003329543,336.0,229.0,320.0,186.9845834884024,326.5687036652832,186.97127046835453,323.82113119314965,225.9742699723441,277.45657664424704,97.55366303845553,169.47261905330382,158.25716421548103,45.419184730294965,136.62120652522958,1550512003.0258222,196.77436254135318,117.22824475455499,bottom
118,118,197.8,88.28586153868721,214.6,140.4,166.0,129.4,141.4,141.32813539570645,164.6766745367734,148.2177926761193,250.0,154.6,256.2,215.6,246.0,270.6,210.4,214.0,191.6,203.0,133.0,226.0,154.0,310.4010253534141,240.0,222.0,231.4,286.2,237.42405342447518,314.3884297520661,169.3210736689547,100.37291026628648,206.2,129.4,183.2,145.06826785464668,225.2,123.4,229.00689968943746,317.40042938246427,251.14371003329543,336.0,229.0,320.0,186.9910200848351,326.03651367818463,186.98091602902093,322.82399107894145,225.97644558215012,277.4631915922012,97.4574138065743,160.30725562614833,158.25716421548103,45.61539139289607,149.4505443064813,1550512003.0258222,196.34421473379098,117.30540793192408,bottom
120,120,197.8,88.59363977400852,198.0,140.4,187.0,129.4,141.4,141.32345310041282,165.3110069748623,148.24590886012518,250.0,154.6,256.2,215.6,246.0,270.6,210.4,214.0,191.6,203.0,133.0,219.0,154.0,313.0,229.0,222.0,231.4,286.2,237.42405342447518,313.24192336589033,167.08232267968106,100.47863037555227,206.2,129.4,183.2,145.0682682993106,225.2,123.4,229.00689968943746,317.40042938246427,251.14371003329543,336.0,229.0,320.0,186.99073602841472,329.9547982702263,186.9793878397056,326.6747569131081,225.96983128527376,277.44312732788075,92.67833387485548,169.58234183022972,158.25716421548103,41.962223604491975,134.28597464115796,1550512003.0258222,195.89646453593622,117.38810768977427,bottom
123,123,197.8,109.0,214.6,133.0,198.0,133.0,141.4,145.73458769666814,160.67263726643725,142.1820537462294,250.0,133.0,256.2,187.0,246.0,270.6,210.4,211.0,191.6,211.0,133.0,242.0,154.0,313.0,231.4,211.0,231.4,286.2,237.42405342447518,313.0,168.55332145571782,100.4092846470535,206.2,101.0,183.2,145.06826817999774,225.2,101.0,229.00689968943746,317.40042938246427,251.14371003329543,336.0,229.0,320.0,186.99310709093385,330.6081386975103,186.98427679793136,326.47791380220434,225.97314912798626,277.4531913070484,101.40241731052382,167.33171768698068,158.25716421548103,52.09566474256828,155.11059624314672,1550512003.0258222,196.1906642911436,111.29551056541024,bottom
127,127,197.8,101.0,214.6,133.0,198.0,125.0,141.4,135.6,156.54323242762862,136.52188708563156,250.0,133.0,256.2,187.0,246.0,270.6,210.4,211.0,191.6,211.0,133.0,234.0,154.0,313.0,231.4,211.0,231.4,286.2,237.42405342447518,313.0,168.59361984441762,100.4074367268656,206.2,101.0,183.2,145.06826834302652,225.2,101.0,229.00689968943746,317.40042938246427,251.14371003329543,336.0,229.0,320.0,186.99560890106815,324.51071905258067,187.0,328.0,228.700684905296,285.726458858969,96.54331683971121,167.33171768698068,158.25716421548103,50.9492715435805,153.21178871079292,1550512003.0258222,196.19872396888354,109.69514101397843,bottom
131,131,197.8,101.0,214.6,133.0,198.0,125.0,141.4,135.6,154.34907059481526,133.52712987470423,250.0,133.0,256.2,187.0,246.0,270.6,210.4,211.0,191.6,211.0,133.0,234.0,154.0,313.0,231.4,211.0,231.4,286.2,237.42405342447518,313.0,168.58903176797267,100.4076597862977,206.2,93.0,183.2,145.06826835276894,225.2,101.0,229.00689968943746,317.40042938246427,251.14371003329543,336.0,229.0,320.0,186.99759368261772,323.4556359496401,189.6482930018393,328.0,231.81096019938275,295.1606723573594,96.54331683971121,167.33171768698068,158.25716421548103,52.476644322527456,153.21178871079292,1550512003.0258222,196.19780635359456,108.09518562781332,bottom
135,135,197.8,79.1690168580858,214.6,133.0,198.0,133.0,141.4,135.6,159.120900902743,132.8947409496438,250.0,140.0,256.2,195.0,246.0,270.6,210.4,211.0,191.6,211.0,133.0,222.1818181818182,154.0,313.0,231.4,211.0,231.4,286.2,237.42405342447518,313.0,166.47320867598117,95.3405472260197,206.2,77.7688833058653,183.2,145.0682683483481,225.2,101.0,229.00689968943746,317.40042938246427,251.14371003329543,336.0,229.0,320.0,186.9982482689027,325.73127556336544,190.69743341622151,327.160438852426,233.35125766225886,299.832765152861,87.78333872492756,167.33171768698068,158.25716421548103,49.317612294049255,149.94105151909574,1550512003.0258222,195.77464173519624,99.66934314766378,bottom
139,139,197.8,75.25081218048525,198.0,125.0,198.0,117.0,141.4,135.6,161.05284154739334,134.76338104096322,250.0,125.0,256.2,180.0,246.0,270.6,210.4,214.0,191.6,195.0,133.0,219.0,154.0,313.0,231.4,222.0,231.4,286.2,237.42405342447518,313.0,164.6855828622134,91.01943733156745,206.2,77.4599397073132,183.2,145.06826834639696,225.2,86.0,229.00689968943746,317.40042938246427,251.14371003329543,336.0,229.0,320.0,186.9985212838579,325.61343918636436,190.23194664687873,326.9109560180293,233.15891181492358,299.24933398054503,99.67853283603287,167.33171768698068,158.25716421548103,48.65984132305706,135.9175354228543,1550512003.0258222,195.4171165724427,94.95969151315258,bottom
143,143,197.8,86.0,198.0,109.0,198.0,109.0,141.4,130.96355173486722,124.8,132.92633942078143,250.0,109.0,256.2,164.0,246.0,270.6,210.4,214.0,191.6,203.0,133.0,226.0,154.0,313.0,231.4,222.0,231.4,286.2,237.42405342447518,313.0,162.50306992497934,85.73823912483941,206.2,78.0,183.2,145.06826834598257,225.2,78.0,229.00689968943746,317.40042938246427,251.14371003329543,336.0,229.0,320.0,186.9990298754906,329.38165672087337,189.12343896802517,330.2403990368759,234.280829807567,303.985714458685,97.85914930356725,167.33171768698068,158.25716421548103,52.46062343977975,139.44932664867062,1550512003.0258222,194.9806139849959,94.5613014941644,bottom
146,146,197.8,77.55007175426513,198.0,140.4,187.0,129.4,141.4,135.6,124.8,127.44122238754805,250.0,154.6,256.2,215.6,246.0,270.6,219.0,214.0,208.0,203.0,133.0,195.0,154.0,313.35525012726174,219.0,222.0,231.4,286.2,237.42405342447518,319.8445530353451,162.4919615997306,85.71109752267837,206.2,75.19948131563997,183.2,145.06826834594526,225.2,71.41520623897169,229.00689968943746,317.40042938246427,251.14371003329543,336.0,229.0,323.3142108404464,185.59309399688084,328.32287956079165,188.4350311872713,327.78088565454016,234.96494155862763,306.84474057249093,73.85008374982914,179.2193745334313,154.31035044696958,50.698065963298475,109.93555456785124,1550512003.0258222,194.97839231994612,90.98882503550007,bottom
148,148,197.8,86.0,198.0,125.0,198.0,117.0,141.4,135.6,124.8,125.48466592858178,250.0,125.0,256.2,172.0,246.0,270.6,210.4,203.0,191.6,195.0,133.0,242.0,154.0,313.16705195936004,231.4,222.0,231.4,286.2,237.42405342447518,313.0,162.12814580883605,84.8306988722751,206.2,86.0,183.2,145.0682683459914,225.2,86.0,229.00689968943746,317.40042938246427,251.14371003329543,336.0,229.0,320.0,187.0,329.7271068885605,187.0,324.8,236.17771280246484,311.5125918148646,112.29098372340496,167.33171768698068,158.25716421548103,69.89306450198241,146.19188973219696,1550512003.0258222,194.90562916176722,97.5797934436533,bottom
152,152,197.8,93.0,214.6,125.0,198.0,117.0,141.4,135.6,124.8,119.64232570469184,250.0,125.0,256.2,180.0,246.0,270.6,210.4,214.0,191.6,195.0,133.0,225.72727272727272,154.0,313.0,231.4,222.0,231.4,286.2,237.42405342447518,313.0,162.147777245905,84.87821023448286,206.2,86.0,183.2,145.0682683459793,225.2,93.0,229.00689968943746,317.40042938246427,251.14371003329543,336.0,229.0,320.0,184.6062428628279,329.85915795011846,187.20562915676902,326.47210286212913,237.39225268700864,315.4895401563163,104.14095984138315,167.33171768698068,158.25716421548103,70.42734389452717,148.8003301109741,1550512003.0258222,194.90955544918103,100.38929571609245,bottom
156,156,197.8,109.0,214.6,133.0,187.0,133.0,141.4,135.6,124.8,118.19971600209736,250.0,133.0,256.2,187.0,246.0,270.6,210.4,203.0,191.6,203.0,133.0,226.0,154.0,313.0,231.4,222.0,231.4,286.2,237.42405342447518,313.0,162.14553601827186,84.87277500676623,206.2,101.0,183.2,145.0682683459794,225.2,101.0,229.00689968943746,317.40042938246427,251.14371003329543,336.0,229.0,320.0,184.95214695524675,330.75633130069457,187.0,328.0,237.32968275217462,316.1786587723914,97.85914930356725,167.33171768698068,158.25716421548103,68.50462518689382,155.46204578106912,1550512003.0258222,194.90910720365437,108.18820867054913,bottom
160,160,197.8,109.0,214.6,133.0,187.0,133.0,141.4,127.4813124299814,124.8,162.6,250.0,133.0,256.2,187.0,246.0,270.6,210.4,211.0,191.6,211.0,133.0,234.0,154.0,313.0,231.4,211.0,231.4,286.2,237.42405342447518,313.0,162.13519621252814,84.84775064139002,206.2,101.0,183.2,145.0682683459801,225.2,101.0,229.00689968943746,317.40042938246427,251.14371003329543,336.0,229.0,320.0,185.4811562979436,332.1950390237486,187.100861746904,327.85616665222716,236.286217564115,316.19266979238887,96.54331683971121,167.33171768698068,158.25716421548103,67.47752172944658,153.21178871079292,1550512003.0258222,194.90703924250565,108.18320379747402,bottom
164,164,197.8,101.0,214.6,133.0,198.0,125.0,141.4,133.35228658448838,174.59018694967875,119.6322021429813,250.0,133.0,256.2,187.0,246.0,270.6,210.4,203.0,191.6,211.0,133.0,226.0,154.0,313.0,231.4,222.0,231.4,286.2,237.42405342447518,313.0,162.13410755292153,84.84511574095028,206.2,93.0,183.2,145.06826834598027,225.2,93.0,229.00689968943746,317.40042938246427,251.14371003329543,336.0,229.0,320.0,185.84747540358345,326.4,187.08112084708043,329.82525587048616,234.63985175968963,315.4363333494633,90.7874339776738,167.33171768698068,158.25716421548103,64.28581370252931,155.46204578106912,1550512003.0258222,194.9068215105843,103.38267681738611,bottom
166,166,197.8,75.15805868534598,214.6,140.4,177.0,129.4,141.4,135.7393319595638,171.42935575079628,120.41569325461724,250.0,154.6,256.2,215.6,250.0,270.6,198.0,214.0,198.0,203.0,133.0,211.0,154.0,308.04590950963717,231.4,222.0,219.0,286.2,237.42405342447518,313.0,162.13423591511366,84.8454264758743,206.2,80.16691588225527,183.2,145.06826834598027,225.2,68.8506975039598,229.00689968943746,317.40042938246427,251.14371003329543,336.0,229.0,320.0,186.0682898352531,326.4,187.06629694087886,330.85707318293527,233.87818674830498,315.14973933586015,84.80638808078439,134.560989777109,109.64440665602278,54.61173556334307,160.26026131583558,1550512003.0258222,194.90684718302273,90.81787337868312,bottom
168,168,197.8,109.0,214.6,133.0,198.0,133.0,141.4,141.68164346719354,156.0,125.0,250.0,133.0,256.2,187.0,246.0,270.6,210.4,211.0,191.6,211.0,133.0,242.0,154.0,313.0,231.4,211.0,231.4,286.2,237.42405342447518,313.0,162.13405282027114,84.84498330378091,206.2,101.0,183.2,145.06826834598027,225.2,101.0,229.00689968943746,317.40042938246427,251.14371003329543,336.0,229.0,320.0,185.94563078842253,326.4,187.07460411898566,330.32810384107336,233.0477257475277,314.76576322875616,101.40241731052382,167.33171768698068,158.25716421548103,65.93922427605605,155.11059624314672,1550512003.0258222,194.90681056405424,108.18265032995222,bottom
172,172,197.8,101.0,214.6,125.0,198.0,125.0,141.4,145.86402410325564,158.6506907058631,127.29861729857141,250.0,125.0,256.2,180.0,246.0,270.6,210.4,203.0,191.6,203.0,133.0,234.0,154.0,313.0,231.4,222.0,231.4,286.2,237.42405342447518,313.0,162.13409069085682,84.84507497826091,206.2,93.0,183.2,145.06826834598033,225.2,93.0,229.00689968943746,317.40042938246427,251.14371003329543,336.0,231.2,320.0,186.4176166748629,328.74904112106026,187.04117919335582,327.06815526818934,233.52636340139617,314.97222010046374,102.99303185519423,167.33171768698068,151.90094781226063,64.02628120360558,156.79877798038234,1550512003.0258222,194.90681813817136,103.38266866484825,bottom
174,174,197.8,72.6792988774687,198.0,140.4,176.8,129.4,141.4,144.23628475664938,156.9871933607331,128.93770092139474,250.0,154.6,256.2,215.6,240.0,270.6,208.0,214.0,198.0,203.0,133.0,211.0,154.0,305.0,231.4,222.0,231.4,286.2,237.42405342447518,313.0,162.13412692104922,84.84516266506256,206.2,64.67098761261977,183.2,145.06826834598033,225.2,60.17588985255429,229.00689968943746,317.40042938246427,251.14371003329543,336.0,229.0,323.3142108404464,187.0,326.4,187.0,324.8,233.64256254561604,315.02624052775434,84.4231717886198,167.33171768698068,154.31035044696958,55.196978916249215,135.5520316158194,1550512003.0258222,194.90682538420987,85.48792147073712,bottom
176,176,197.8,93.0,198.0,117.0,198.0,117.0,141.4,147.11388260254571,156.3606702937455,132.12952966965798,250.0,125.0,256.2,180.0,246.0,270.6,210.4,214.0,191.6,195.0,133.0,226.0,154.0,313.0,231.4,222.0,231.4,286.2,237.42405342447518,313.0,162.13411376824857,84.84513083186702,206.2,86.0,183.2,145.06826834598033,225.2,86.0,229.00689968943746,317.40042938246427,251.14371003329543,336.0,229.0,320.0,186.75985918512046,328.5909488911201,187.02061309961326,326.34622140971453,233.5793941054988,314.99816007418127,104.30886431905029,167.33171768698068,158.25716421548103,61.75949333789182,138.89959274285937,1550512003.0258222,194.90682275364975,98.98267983556948,bottom
179,179,157.64284085846356,135.8,198.0,140.4,187.0,129.4,141.4,135.6,160.12604516341042,137.58499780026756,250.0,154.6,256.2,215.6,246.0,270.6,208.0,214.0,198.0,203.0,133.0,219.0,154.0,305.0,219.0,222.0,219.0,286.2,237.42405342447518,313.0,162.1341188218129,84.84514306275591,206.2,51.68810763302466,183.2,145.06826834598033,225.2,52.040359510515444,229.00689968943746,317.40042938246427,251.14371003329543,336.0,229.0,323.3142108404464,187.0,326.4,187.0,324.8,233.59770100185943,315.00640194292373,90.10635383914659,145.4928512089814,103.88095545485113,57.299738479532095,132.60336781729544,1550512003.0258222,186.8753919360553,93.88837571045528,bottom
181,181,197.8,93.0,214.6,125.0,187.0,117.0,172.33801269454082,135.6,158.36663052348283,140.0,250.0,125.0,256.2,180.0,246.0,270.6,210.4,214.0,191.6,195.0,133.0,226.0,154.0,313.0,231.4,222.0,231.4,286.2,237.42405342447518,313.0,162.13411628965522,84.84513693409356,206.2,86.0,183.2,145.06826834598033,225.2,93.0,229.00689968943746,317.40042938246427,251.14371003329543,336.0,229.0,320.0,186.89796355280788,331.1772214229669,187.0119642842493,327.67678784884447,233.5865502566633,315.00137997946837,104.30886431905029,167.33171768698068,158.25716421548103,58.5449430973024,148.88633166000514,1550512003.0258222,194.90682325793105,100.38268105601477,bottom
185,185,197.8,109.0,214.6,133.0,198.0,125.0,171.14560882959827,135.6,161.72230014356262,133.0,250.0,133.0,256.2,187.0,246.0,270.6,210.4,203.0,191.6,203.0,133.0,234.0,154.0,313.0,231.4,222.0,231.4,286.2,237.42405342447518,313.0,162.13411700799998,84.84513867271188,206.2,101.0,183.2,145.06826834598033,225.2,101.0,229.00689968943746,317.40042938246427,251.14371003329543,336.0,229.0,320.0,186.92469307067,330.72558197897536,187.00986832996688,327.3165842147698,233.5886721186324,315.00236346164513,102.99303185519423,167.33171768698068,158.25716421548103,61.675264188457525,157.15022751830475,1550512003.0258222,194.9068234016,108.18268140373843,bottom
189,189,197.8,109.0,214.6,133.0,198.0,133.0,172.24528688205726,146.4758586621525,162.5079796100959,132.3122244297301,250.0,133.0,256.2,187.0,246.0,270.6,210.4,211.0,191.6,211.0,133.0,234.0,154.0,313.0,231.4,211.0,231.4,286.2,237.42405342447518,313.0,162.13411711199586,84.84513892440073,206.2,101.0,183.2,145.06826834598033,225.2,101.0,229.00689968943746,317.40042938246427,251.14371003329543,336.0,229.0,320.0,186.9309355783414,331.39237108740934,187.00932545636368,328.04712521361364,233.58917919328567,315.00258790088014,96.54331683971121,167.33171768698068,158.25716421548103,60.70090267604535,153.21178871079292,1550512003.0258222,194.9068234223992,108.18268145407622,bottom
193,193,197.8,109.0,214.6,133.0,187.0,133.0,141.4,142.79974605641615,173.91773682910124,126.89723843247593,250.0,133.0,256.2,187.0,246.0,270.6,210.4,211.0,191.6,211.0,133.0,226.0,154.0,313.0,231.4,211.0,231.4,286.2,237.42405342447518,313.0,162.13411710905717,84.84513891728264,206.2,101.0,183.2,145.06826834598033,225.2,101.0,229.00689968943746,317.40042938246427,251.14371003329543,336.0,229.0,320.0,186.9495568603332,332.6541954490269,187.00690770702167,330.134052274822,235.2858380071549,318.44247542970186,90.7874339776738,167.33171768698068,158.25716421548103,60.55152378950408,151.0653795656765,1550512003.0258222,194.90682342181145,108.18268145265259,bottom
197,197,197.8,101.0,198.0,125.0,198.0,117.0,141.4,135.6,124.8,124.41767568621628,250.0,125.0,256.2,180.0,246.0,270.6,210.4,214.0,191.6,203.0,133.0,219.0,154.0,313.0,231.4,222.0,231.4,286.2,237.42405342447518,320.0,162.13411710164826,84.84513889935009,206.2,86.0,183.2,145.06826834598033,225.2,86.0,229.00689968943746,317.40042938246427,251.14371003329543,336.0,229.0,320.0,186.96905979752574,326.4,187.00423520157776,332.4085361289541,236.40891502477868,320.7194274172757,92.67833387485548,169.89448545551778,158.25716421548103,65.67045144236175,135.9175354228543,1550512003.0258222,194.90682342032966,100.58268144906609,bottom
199,199,197.8,62.73549537753479,198.0,140.4,198.0,129.4,141.4,135.6,124.8,162.6,250.0,154.6,256.2,215.6,246.0,270.6,208.0,214.0,198.0,203.0,133.0,221.0,154.0,312.6193696928085,231.4,222.0,231.4,286.2,237.42405342447518,313.0,162.1341170985459,84.84513889184169,206.2,78.55292198277293,183.2,145.06826834598033,225.2,71.53557461891337,229.00689968943746,317.40042938246427,251.14371003329543,336.0,229.0,320.0,186.9765798653923,326.4,187.00320021421112,324.8,236.96124337289902,321.83922682626724,92.56891557775288,167.33171768698068,158.25716421548103,78.40307831968963,139.17777429805872,1550512003.0258222,194.90682341970918,88.54747984340862,bottom
202,202,197.8,93.0,214.6,117.0,198.0,117.0,141.4,135.6,124.8,124.20940812391613,250.0,125.0,256.2,172.0,246.0,270.6,210.4,214.0,191.6,203.0,133.0,226.0,154.0,313.0,231.4,222.0,231.4,286.2,237.42405342447518,313.0,162.13411709978044,84.8451388948296,206.2,86.0,183.2,145.06826834598033,225.2,86.0,229.00689968943746,317.40042938246427,251.14371003329543,336.0,229.0,320.0,186.98252199738965,326.4,187.00239042175625,324.8,236.79593375432327,321.50407427715237,97.85914930356725,167.33171768698068,158.25716421548103,79.56105405616844,148.66378991619538,1550512003.0258222,194.9068234199561,98.98268144816197,bottom
206,206,197.8,101.0,214.6,125.0,198.0,117.0,141.4,126.30626882720006,156.0,125.0,250.0,133.0,256.2,180.0,246.0,270.6,210.4,203.0,191.6,203.0,133.0,234.0,154.0,313.0,231.4,222.0,231.4,286.2,237.42405342447518,313.0,162.13411709948323,84.84513889411026,206.2,93.0,183.2,145.06826834598033,225.2,93.0,229.00689968943746,317.40042938246427,251.14371003329543,336.0,229.0,320.0,186.9894221606437,326.4,187.00144664260282,324.8,236.834055499915,321.5813633767577,102.99303185519423,167.33171768698068,158.25716421548103,82.2319304803337,156.79877798038234,1550512003.0258222,194.90682341989668,103.38268144801812,bottom
209,209,197.8,135.8,198.0,140.4,192.3523215696055,129.4,141.4,128.9959403702152,156.0,125.3704247441988,250.0,154.6,256.2,215.6,246.0,270.6,210.4,214.0,191.6,203.0,133.0,226.0,154.0,305.0,240.0,222.0,231.4,286.2,237.42405342447518,313.0,162.1341170993835,84.84513889386888,206.2,73.42356749695797,183.2,145.06826834598033,225.2,123.4,229.00689968943746,317.40042938246427,251.14371003329543,336.0,229.0,320.0,186.99382807522477,326.4,187.00084401347988,324.8,236.87749065521172,321.66942393431543,96.54331683971121,159.7020024316169,158.25716421548103,70.09948547671736,136.62120652522958,1550512003.0258222,194.90682341987673,112.50739494736142,bottom
213,213,197.8,135.8,198.0,140.4,198.0,129.4,141.4,130.10930265424454,124.8,125.25383870822172,250.0,154.6,256.2,215.6,246.0,270.6,210.4,214.0,191.6,203.0,133.0,219.0,154.0,305.0,229.0,222.0,231.4,286.2,237.42405342447518,313.0,157.8640537004096,76.68164920208442,206.2,61.23354561694625,183.2,145.06826834598033,225.2,123.4,229.00689968943746,317.40042938246427,251.14371003329543,336.0,229.0,320.0,186.99693493969986,326.4,187.0005173673047,324.8,236.8719946067334,321.65828118770804,91.54936669782505,169.47261905330382,158.25716421548103,68.01224946229148,134.28597464115796,1550512003.0258222,194.05281074008195,108.4366926330022,bottom
217,217,197.8,135.8,198.0,140.4,187.0,129.4,141.4,135.05266447690315,170.47007034696603,130.26499127499258,250.0,154.6,256.2,215.6,246.0,270.6,219.0,214.0,208.0,203.0,133.0,219.0,154.0,305.0,219.0,222.0,231.4,286.2,237.42405342447518,319.8445530353451,191.4,72.6244571399935,206.2,60.98825653613642,183.2,145.06826834598033,225.2,58.65817684488263,229.00689968943746,317.40042938246427,251.14371003329543,336.0,230.6464646464646,319.9369461580647,187.0,326.4,187.0004338684985,324.8,236.87057545137813,321.65540397837617,88.32027800975145,179.2193745334313,153.5174836961871,68.00223989809281,120.44271370908123,1550512003.0258222,200.76000000000005,94.62783177339857,bottom
221,221,197.8,135.8,214.6,140.4,190.59027777777774,129.4,141.4,145.88714945869663,159.68080968296718,134.37698696859664,250.0,154.6,256.2,215.6,246.0,270.6,198.0,214.0,198.0,203.0,133.0,220.43719008264458,154.0,305.0,231.4,222.0,231.4,286.2,237.42405342447518,319.8445530353451,191.4,73.17403348948653,206.2,61.86712676346213,183.2,145.06826834598033,225.2,64.11431377277009,229.00689968943746,317.40042938246427,251.14371003329543,336.0,229.0,319.9572534523955,187.0,326.4,187.0,324.8,236.87023245739812,321.65470859219886,91.07036942876512,169.84876403469576,158.29802510015762,68.40773604940365,170.8175131461478,1550512003.0258222,200.76000000000005,96.00474847433982,bottom
223,223,197.8,109.0,214.6,133.0,187.0,133.0,156.0,135.6,146.0,133.0,250.0,133.0,256.2,180.0,246.0,270.6,210.4,211.0,191.6,211.0,133.0,219.4818181818182,154.0,308.9209104938272,231.4,211.0,231.4,286.2,237.42405342447518,313.0,191.4,73.20248653956318,206.2,76.93437108958808,183.2,145.06826834598033,225.2,109.0,229.00689968943746,317.40042938246427,251.14371003329543,336.0,229.0,320.0,186.99898177372987,329.0437967789022,187.00020809639844,328.7759860769816,237.3919382398772,321.3790816781952,85.02233862800416,167.33171768698068,158.25716421548103,65.53200233891805,149.10293834440463,1550512003.0258222,200.76000000000005,102.64102519502633,bottom
227,227,197.8,117.0,214.6,133.0,198.0,133.0,156.0,135.6,146.0,133.0,250.0,140.0,256.2,187.0,246.0,270.6,210.4,211.0,191.6,211.0,133.0,226.0,154.0,313.0,231.4,211.0,231.4,286.2,237.42405342447518,313.0,191.4,75.25076535489575,206.2,83.90683061053569,183.2,145.06826834598033,225.2,109.0,229.00689968943746,317.40042938246427,251.14371003329543,336.0,229.0,320.0,186.99946713157746,325.88658308480564,187.00012715738663,324.224224423665,237.8366656691071,321.1438908905207,90.7874339776738,167.33171768698068,158.25716421548103,82.80577533999863,151.0653795656765,1550512003.0258222,200.76000000000005,106.04517286228236,bottom
229,229,197.8,64.22735549481412,198.0,140.4,187.0,129.4,170.55227877993528,139.2138166901234,150.04445861625038,124.3209409866206,250.0,154.6,256.2,215.6,246.0,270.6,208.0,214.0,198.0,203.0,133.0,211.0,154.0,308.92395404663927,219.0,222.0,231.4,286.2,237.42405342447518,313.0,191.4,76.00915402801117,206.2,75.38778095400936,183.2,145.06826834598033,225.2,70.3401984239078,229.00689968943746,317.40042938246427,251.14371003329543,336.0,240.0,320.0,186.99961411562603,324.55325027246244,187.00008238553914,322.185456125692,238.11887079241973,320.99463444283845,84.91262895941969,178.26357911885304,134.0538599990527,78.3693829838802,135.5520316158194,1550512003.0258222,200.76000000000005,86.20655144934454,bottom
232,232,197.8,93.0,198.0,117.0,198.0,109.0,141.4,140.0,146.0,133.0,250.0,117.0,256.2,215.6,246.0,270.6,210.4,214.0,191.6,203.0,133.0,234.0,154.0,311.4904942558299,231.4,222.0,231.4,286.2,237.42405342447518,313.0,158.64591029533497,86.0,206.2,86.0,212.86111111111111,138.054993945373,225.2,86.0,229.00689968943746,317.40042938246427,251.14371003329543,336.0,229.0,320.0,186.99964693701102,327.8855559428352,187.00006993966264,323.94975806902835,238.5165237947403,320.78439013710994,102.71628192366093,167.33171768698068,158.25716421548103,81.03174229403362,141.26040704700296,1550512003.0258222,200.14140428128923,97.8109987890746,bottom
236,236,166.0,79.12364318282734,214.6,140.0,177.0,140.0,141.4,135.6,173.6950537798131,127.62752194260405,250.0,140.0,256.2,187.0,246.0,270.6,210.4,211.0,191.6,211.0,133.0,219.0,154.0,313.0,231.4,211.0,231.4,286.2,237.42405342447518,313.0,158.42957481304882,90.6483889369396,206.2,74.44060523838466,194.4563188065844,130.05705433462958,225.2,73.76206596956041,229.00689968943746,317.40042938246427,251.14371003329543,336.0,229.0,320.0,186.99980137445118,331.3551658764053,187.0000371384886,327.26219704627425,238.77145559157574,322.20514771212225,85.18056219376757,167.33171768698068,158.25716421548103,71.45674764740849,149.25264130990868,1550512003.0258222,190.0571787239266,89.60635153246832,bottom
241,241,197.8,93.0,214.6,117.0,198.0,109.0,141.4,127.20262345354037,146.0,130.08563278825702,250.0,117.0,256.2,215.6,246.0,270.6,210.4,214.0,191.6,195.0,133.0,226.0,154.0,313.0,231.4,222.0,231.4,286.2,237.42405342447518,313.0,158.22791149443498,95.45711080387905,206.2,86.0,181.735868600823,124.52928793097804,225.2,86.0,229.00689968943746,317.40042938246427,251.14371003329543,336.0,229.0,320.0,186.99991941711747,326.4,187.0,328.0,239.08554986660172,323.6750782928065,104.30886431905029,167.33171768698068,158.25716421548103,81.65108315098107,148.66378991619538,1550512003.0258222,193.83275601905157,96.99727974697143,bottom
246,246,197.8,83.82981927389227,214.6,140.4,191.56944444444446,129.4,141.4,134.08690762029312,164.19683279094926,129.91536665680374,250.0,154.6,256.2,215.6,246.0,270.6,210.4,214.0,191.6,203.0,133.0,226.0,154.0,310.4107142857143,240.0,222.0,231.4,286.2,237.42405342447518,313.0,158.44859323465892,93.77767359083582,206.2,77.06843780236889,186.11313260618275,126.43146061491191,225.2,77.03928037700338,229.00689968943746,317.40042938246427,251.14371003329543,336.0,229.0,320.0,186.99995393299758,326.4,187.000003602824,331.1847902144385,239.2126741348196,324.2829923023147,97.45895475738459,159.7020024316169,158.25716421548103,74.85721220209777,149.4505443064813,1550512003.0258222,194.75234516816832,91.62933433180245,bottom
249,249,197.8,101.0,214.6,125.0,198.0,125.0,141.4,132.35496887336512,164.70088291126748,125.55967009682432,250.0,133.0,256.2,180.0,246.0,270.6,210.4,203.0,191.6,203.0,133.0,234.0,154.0,313.0,231.4,222.0,231.4,286.2,237.42405342447518,313.0,158.45657202941678,93.65095328620586,206.2,93.0,186.4352037011792,126.57141900865672,225.2,93.0,229.00689968943746,317.40042938246427,251.14371003329543,336.0,229.0,320.0,186.99995822227515,326.4,187.00000408000813,331.2236118295018,239.2651121260054,324.534634331974,102.99303185519423,167.33171768698068,158.25716421548103,80.69533890215645,156.79877798038234,1550512003.0258222,194.81835514611922,101.44447445897252,bottom
251,251,197.8,84.43038589694154,214.6,140.4,190.59895833333331,129.4,171.5015081949589,133.22642746921844,168.05680277525826,124.95960626183542,250.0,154.6,256.2,215.6,246.0,270.6,208.0,214.0,208.0,203.0,133.0,219.0,154.0,311.2650072150072,231.4,222.0,231.4,286.2,237.42405342447518,314.1818181818182,158.4626312185732,93.62124023874806,206.2,76.9194727867435,186.51457151446843,126.60590888320792,225.2,69.16920855764917,229.00689968943746,317.40042938246427,251.14371003329543,336.0,229.0,323.3142108404464,186.99995962683545,326.4,187.00000381758878,331.52611811201893,239.24701907436344,324.44743069903683,89.220194014544,167.85053699384463,154.31035044696958,73.67249941470595,151.3657094998597,1550512003.0258222,194.83544054660834,90.14924327265803,bottom
254,254,197.8,101.0,214.6,125.0,191.70372474747475,125.0,167.97004314897418,136.74677451060938,165.1673256408182,126.14775175320676,250.0,125.0,256.2,172.0,246.0,270.6,210.4,203.0,191.6,203.0,133.0,234.0,154.0,313.0,231.4,222.0,231.4,286.2,237.42405342447518,313.0,158.46066144614778,93.62741710583308,206.2,93.0,186.49739808377808,126.5984460409602,225.2,93.0,229.00689968943746,317.40042938246427,251.14371003329543,336.0,229.0,320.0,186.99996764418705,326.4,187.0000030966386,330.78038383599113,239.25724604407387,324.49622499120284,102.99303185519423,167.33171768698068,158.25716421548103,81.27104720689816,156.79877798038234,1550512003.0258222,194.83161190598517,101.44517262935865,bottom
258,258,197.8,109.0,214.6,140.0,198.0,133.0,167.9951954469071,138.4710308359113,162.31033969020638,126.75933398511104,250.0,140.0,256.2,180.0,246.0,270.6,210.4,211.0,191.6,211.0,133.0,226.0,154.0,313.0,231.4,211.0,231.4,286.2,237.42405342447518,313.0,191.4,94.85017757126712,206.2,74.95612280189458,186.5157715967306,126.60643038789549,225.2,109.0,229.00689968943746,317.40042938246427,251.14371003329543,336.0,229.0,320.0,186.99997738852198,326.4,187.0,328.0,239.25594891270248,324.4900524133213,90.7874339776738,167.33171768698068,158.25716421548103,83.16365852464088,151.3685813918404,1550512003.0258222,201.4231543193461,102.88254615221145,bottom
263,263,197.8,109.0,214.6,140.0,188.0576675849403,140.0,165.50610042956282,142.53771631155368,160.70738184271798,130.48548454369288,250.0,140.0,256.2,187.0,246.0,270.6,210.4,211.0,191.6,211.0,133.0,225.07272727272732,154.0,313.0,231.4,222.0,231.4,286.2,237.42405342447518,313.0,191.4,96.6908608593214,206.2,101.0,186.51846411596543,126.60760044218809,225.2,109.0,229.00689968943746,317.40042938246427,251.14371003329543,336.0,229.0,320.0,186.99998625033984,326.4,187.0,328.0,239.40036045048507,323.61570572807494,90.07126682125823,167.33171768698068,158.25716421548103,81.83026444287543,151.10183631775087,1550512003.0258222,201.4236928231931,108.45969226030188,bottom
267,267,197.8,109.0,214.6,133.0,187.0,133.0,163.93350147377086,143.30935368170353,159.2283679607813,130.95918631987342,250.0,133.0,256.2,187.0,246.0,270.6,210.4,211.0,191.6,211.0,133.0,242.0,154.0,313.0,231.4,222.0,231.4,286.2,237.42405342447518,313.0,191.4,97.5011952198273,206.2,101.0,186.51941274197003,126.60801267468565,225.2,101.0,229.00689968943746,317.40042938246427,251.14371003329543,336.0,229.0,320.0,187.0,326.4,187.0,330.74753877544094,240.0,320.0,101.40241731052382,167.33171768698068,158.25716421548103,80.29754334739857,155.11059624314672,1550512003.0258222,201.42388254839403,107.02184157890261,bottom
272,272,197.8,101.0,214.6,125.0,187.0,125.0,160.53745478668816,142.8050902240939,146.0,125.0,250.0,125.0,256.2,172.0,246.0,270.6,210.4,214.0,191.6,203.0,133.0,234.0,154.0,313.0,231.4,222.0,231.4,286.2,237.42405342447518,313.0,191.4,97.4440460486938,206.2,93.0,186.51940529247912,126.60800943745389,225.2,93.0,229.00689968943746,317.40042938246427,251.14371003329543,336.0,229.0,320.0,187.0,326.4,190.84505172451642,330.2478482320943,240.0,320.0,102.99303185519423,167.33171768698068,158.25716421548103,72.14159771704848,151.24714596414876,1550512003.0258222,201.42388105849585,102.21041109722952,bottom
276,276,197.8,83.25953433435909,214.6,140.0,198.0,133.0,159.8918588022296,141.05072326794541,168.0691423691467,162.6,250.0,140.0,256.2,187.0,246.0,270.6,210.4,211.0,191.6,211.0,133.0,234.0,154.0,313.0,231.4,211.0,231.4,286.2,237.42405342447518,313.0,191.4,97.40396788909176,206.2,87.21305418039213,186.51942797555247,126.6080192945524,225.2,109.0,229.00689968943746,317.40042938246427,251.14371003329543,336.0,229.0,320.0,186.99999505949685,331.88083575897133,191.446512562766,329.66691215330866,239.81277317156898,321.1287100312831,96.54331683971121,167.33171768698068,158.25716421548103,66.84052396818957,153.51499053695682,1550512003.0258222,201.4238855951105,100.69691513967908,bottom
278,278,197.8,65.72399338831832,214.6,140.4,197.08641975308643,129.4,159.3507840057718,140.02016839519578,174.86226539276424,162.6,250.0,154.6,256.2,215.6,246.0,270.6,198.0,214.0,198.0,203.0,133.0,223.77777777777774,154.0,311.5776171579743,231.4,222.0,219.0,286.2,237.42405342447518,313.0,191.4,97.39691099189376,206.2,87.98035541029002,186.5194252795136,126.60801812296862,225.2,71.23465283099145,229.00689968943746,317.40042938246427,251.14371003329543,336.0,229.0,319.99797979797984,186.99999448221854,332.21446639972254,190.65278486151055,329.6308354705097,239.79109599501416,321.2593923639143,94.27557855045386,134.560989777109,109.64776299060114,63.683249651559535,164.48619226683525,1550512003.0258222,201.42388505590276,89.78878614889243,bottom
280,280,197.8,101.0,214.6,133.0,198.0,125.0,158.94531071903774,139.00774723355562,174.99034722699378,162.6,250.0,133.0,256.2,180.0,246.0,270.6,210.4,203.0,191.6,203.0,133.0,234.0,154.0,313.0,231.4,222.0,231.4,286.2,237.42405342447518,313.0,191.4,97.3967726797932,206.2,93.0,186.5194286909289,126.60801960542456,225.2,101.0,229.00689968943746,317.40042938246427,251.14371003329543,336.0,229.0,320.0,186.99999570472724,332.6538336941714,187.0,328.0,239.83735731254657,320.9805015722859,102.99303185519423,167.33171768698068,158.25716421548103,74.24202667553482,157.15022751830475,1550512003.0258222,201.4238857381858,103.80095845704355,bottom
282,282,197.8,69.8213763248859,193.51295153177867,140.4,196.61773288439957,133.0,157.95975226990748,132.3501689541267,124.8,162.6,250.0,154.6,256.2,215.6,246.0,270.6,210.4,214.0,191.6,203.0,133.0,225.37777777777782,154.0,310.5110881654249,235.4,222.0,231.4,286.2,237.42405342447518,312.9,191.4,97.397331624466,206.2,82.72698844232674,186.51942643750618,126.60801862618294,225.2,74.49021534820814,229.00689968943746,317.40042938246427,251.14371003329543,336.0,229.0,320.02222222222224,186.9999960305627,326.4,189.44468680123882,328.9261402182325,239.84972766101555,320.9059266115289,97.0438866641742,163.72058858093615,158.23584148985668,71.33948307311023,133.06523218050054,1550512003.0258222,201.42388528750126,90.20878607321394,bottom
285,285,197.8,109.0,214.6,133.0,187.0,133.0,157.55165945688026,128.58666651184345,174.45062718325667,162.6,250.0,133.0,256.2,180.0,246.0,270.6,210.4,211.0,191.6,211.0,133.0,234.0,154.0,313.0,231.4,222.0,231.4,286.2,237.42405342447518,313.0,191.4,97.39680357115515,206.2,101.0,186.5194273808252,126.60801903610924,225.2,101.0,229.00689968943746,317.40042938246427,251.14371003329543,336.0,229.0,320.0,187.0,326.4,187.0,328.0,239.88565258416145,320.68935074969966,96.54331683971121,167.33171768698068,158.25716421548103,81.49819005853107,153.21178871079292,1550512003.0258222,201.42388547616505,107.00096452145287,bottom
287,287,197.8,135.8,198.0,140.4,187.0,129.4,157.2053662411989,126.01541326275327,124.8,162.6,250.0,154.6,256.2,215.6,240.0,270.6,208.0,214.0,198.0,203.0,133.0,211.0,154.0,313.0,231.4,222.0,219.0,286.2,237.42405342447518,313.0,191.4,97.396484165599,206.2,70.08632397512963,186.51942720379586,126.60801895917982,225.2,69.58522114287523,229.00689968943746,317.40042938246427,251.14371003329543,336.0,229.0,320.0,186.9999978870884,326.4,188.1884567514608,330.49787942125437,239.88999102926,320.66319616727367,85.38286774578248,134.560989777109,109.64440665602278,69.97148201891324,129.49826412294001,1550512003.0258222,201.4238854407592,99.89520964855674,bottom
289,289,197.8,101.0,214.6,125.0,187.0,125.0,156.9036118297155,123.71008241477536,175.52003755205044,162.6,250.0,125.0,256.2,180.0,246.0,270.6,210.4,214.0,191.6,203.0,133.0,226.0,154.0,313.0,231.4,222.0,231.4,286.2,237.42405342447518,314.1719008264463,191.4,97.39640869210663,206.2,93.0,186.51942736139668,126.60801902766643,225.2,93.0,229.00689968943746,317.40042938246427,251.14371003329543,336.0,229.0,320.0,186.9999984983229,326.4,187.8203186465253,330.93794250174085,239.90691310022626,320.56118033930363,97.85914930356725,167.8463574712749,158.25716421548103,73.91953764745298,148.88633166000514,1550512003.0258222,201.42388547227932,102.20088554395463,bottom
291,291,166.0,135.8,198.0,140.4,187.0,129.4,156.56822111529468,135.6,172.12669749983948,162.6,250.0,154.6,256.2,215.6,246.0,270.6,219.0,214.0,191.6,203.0,133.0,203.0,154.0,310.3333333333333,219.0,222.0,231.4,286.2,237.42405342447518,319.8445530353451,191.4,97.39651629027632,206.2,67.50205843076621,186.51942726508517,126.60801898581356,225.2,63.30753608339016,229.00689968943746,317.40042938246427,251.14371003329543,336.0,229.0,319.3,186.9999985569914,326.4,187.82021132130387,331.77382839207587,239.89856362355633,320.6115157264288,78.92979742206062,179.2193745334313,158.90163115294555,64.63911156078758,113.81942912471823,1550512003.0258222,195.063885453017,98.12282595804926,bottom
294,294,197.8,109.0,214.6,133.0,187.0,133.0,156.57716515778455,127.05237397801876,167.80996510264617,162.6,250.0,140.0,256.2,187.0,246.0,270.6,210.4,203.0,191.6,211.0,133.0,242.0,154.0,313.0,231.4,222.0,231.4,286.2,237.42405342447518,313.0,191.4,97.39647980725344,206.2,101.0,186.51942730352982,126.60801900251991,225.2,109.0,229.00689968943746,317.40042938246427,251.14371003329543,336.0,229.0,320.0,186.99999895015284,326.4,187.58849362308158,330.9303529289541,239.92381228257256,320.4593025516542,101.40241731052382,167.33171768698068,158.25716421548103,79.56770926793725,158.65848979361857,1550512003.0258222,201.42388546070597,108.60089976195468,bottom
298,298,197.8,109.0,214.6,133.0,187.0,133.0,156.43990321410132,130.6700484148929,163.50958448138917,162.6,250.0,133.0,256.2,187.0,246.0,270.6,210.4,211.0,191.6,211.0,133.0,242.0,154.0,313.0,231.4,211.0,231.4,286.2,237.42405342447518,313.0,191.4,97.39647577389141,206.2,101.0,186.51942730011191,126.60801900103468,225.2,109.0,229.00689968943746,317.40042938246427,251.14371003329543,336.0,229.0,320.0,186.99999934608294,326.4,187.0,330.3786442490936,240.0,320.0,101.40241731052382,167.33171768698068,158.25716421548103,80.7314549235468,155.11059624314672,1550512003.0258222,201.4238854600224,108.60089895498523,bottom
301,301,166.0,135.8,214.6,140.4,177.0,129.4,156.35744664812773,133.93865731319255,162.22731867946362,162.6,250.0,154.6,256.2,215.6,246.0,270.6,219.0,214.0,191.6,203.0,133.0,219.0,154.0,310.30303030303025,219.0,222.0,231.4,286.2,237.42405342447518,319.8445530353451,169.9433189211791,98.21394341927544,206.2,80.29585307589994,198.65159425307468,122.61360728229288,225.2,72.1417481662265,229.00689968943746,317.40042938246427,251.14371003329543,336.0,229.0,318.6,186.99999950155745,326.4,187.2255530862532,330.7414145250624,237.91678040918663,320.1853268484152,92.318718709967,179.2193745334313,159.49759626764978,66.76542187381798,132.9463247280283,1550512003.0258222,193.19898263485075,101.81303038873895,bottom
303,303,197.8,109.0,214.6,125.0,187.0,125.0,156.25228530083314,138.08757141800777,160.88981692305575,162.6,250.0,133.0,256.2,172.0,246.0,270.6,210.4,203.0,191.6,195.0,133.0,234.0,154.0,313.0,231.4,222.0,231.4,286.2,237.42405342447518,313.0,178.4257039022126,98.50913975168915,206.2,101.0,203.0326545430959,121.17118082893344,225.2,101.0,229.00689968943746,317.40042938246427,251.14371003329543,336.0,229.0,320.0,186.9999996456939,326.4,187.0,330.7646512307163,240.0,320.0,108.75865034784223,167.33171768698068,158.25716421548103,77.4158283120833,156.79877798038234,1550512003.0258222,202.1316716890617,106.13606411612452,bottom
307,307,197.8,117.0,214.6,140.0,187.0,140.0,156.21652941576988,139.50537700994508,162.0097105063062,122.3667235881394,250.0,140.0,256.2,187.0,246.0,270.6,210.4,211.0,191.6,203.0,133.0,242.0,154.0,313.0,231.4,211.0,231.4,286.2,237.42405342447518,313.0,196.40900268833,99.13497713503745,206.2,109.0,212.3208324837571,118.11312805582529,225.2,117.0,229.00689968943746,317.40042938246427,251.14371003329543,336.0,229.0,320.0,186.99999970438458,326.4,187.0851540532904,331.4612439353125,235.87800655843662,320.0700083116103,107.16803580317185,167.33171768698068,158.25716421548103,72.22528035575137,155.41379806931062,1550512003.0258222,207.58596703441745,112.04962103817255,bottom
310,310,166.0,71.78582717358228,214.6,140.4,198.0,129.4,165.6237691864802,127.26135610915553,160.7222890351976,125.23323412397436,250.0,154.6,256.2,215.6,246.0,270.6,208.0,214.0,208.0,203.0,133.0,211.0,154.0,307.50124926513814,219.0,222.0,231.4,286.2,237.42405342447518,319.8445530353451,196.5014066373197,99.138193000171,206.2,65.95433814991276,212.36855828264282,118.0974147465828,225.2,123.4,229.00689968943746,317.40042938246427,251.14371003329543,336.0,229.0,320.0,186.99999969673243,326.4,187.09461318872337,331.59774400116663,235.75993000061396,320.07771247866856,83.81158421699165,179.2193745334313,158.25716421548103,58.29616388448715,148.41363512125892,1550512003.0258222,201.25399298399253,95.67515461404976,bottom
312,312,197.8,125.0,214.6,140.0,198.0,140.0,168.49391412390855,123.89252046113728,158.65259597936569,128.1885905124355,250.0,140.0,256.2,195.0,246.0,270.6,210.4,211.0,191.6,211.0,133.0,234.0,154.0,308.10968731628446,231.4,211.0,231.4,286.2,237.42405342447518,313.0,199.49929771034718,99.24252271654335,206.2,117.0,213.91693638044129,117.58762456322509,225.2,117.0,229.00689968943746,317.40042938246427,251.14371003329543,336.0,229.0,320.0,186.9999997177209,326.4,187.0821777962999,331.73364746652686,235.48045786240638,320.0675166878885,95.60877573415311,167.33171768698068,158.25716421548103,64.83277141942423,153.51499053695682,1550512003.0258222,208.5232468181577,115.16602945595369,bottom
316,316,197.8,109.0,214.6,133.0,198.0,125.0,141.4,135.6,156.74312092456537,131.49500799829858,250.0,133.0,256.2,187.0,246.0,270.6,210.4,203.0,191.6,203.0,133.0,226.0,154.0,313.0,231.4,222.0,231.4,286.2,237.42405342447518,313.0,199.33751463339104,99.23689249897171,206.2,101.0,213.8333771844423,117.61513571047188,225.2,101.0,229.00689968943746,317.40042938246427,251.14371003329543,336.0,229.0,320.0,186.9999997802738,326.4,187.06503821870857,324.8,235.47688035652175,320.06918024431195,97.85914930356725,167.33171768698068,158.25716421548103,74.65705205791015,155.46204578106912,1550512003.0258222,208.47417836356666,105.57040564188871,bottom
319,319,197.8,83.84129261249905,214.6,140.4,188.94722222222225,129.4,141.4,135.6,154.55124315133727,131.44264606471054,250.0,154.6,256.2,215.6,246.0,270.6,210.4,214.0,191.6,203.0,133.0,222.11111111111114,154.0,305.3920543039949,238.34444444444443,222.0,231.4,286.2,237.42405342447518,319.8445530353451,199.4561843836803,99.24102233495769,206.2,77.5524209666674,213.89466882677388,117.59495596391498,225.2,75.27717295389175,229.00689968943746,317.40042938246427,251.14371003329543,336.0,229.0,318.32396694214873,186.99999983428697,326.4,187.049244032714,324.8,235.4547853518636,320.069448832104,93.91002285904385,163.67514514241262,159.7205109542516,65.1637657801966,148.1868774014222,1550512003.0258222,208.51017064209083,90.70137296638617,bottom
321,321,197.8,92.61095890321268,214.6,140.0,187.0,140.0,141.4,128.2443129778799,153.67688909553732,132.83942930081466,250.0,140.0,256.2,187.0,246.0,270.6,210.4,211.0,191.6,211.0,133.0,234.0,154.0,313.0,231.4,211.0,231.4,286.2,237.42405342447518,313.0,199.4542599709707,99.24095536266476,206.2,86.38917523578245,213.89367488747604,117.59528320988865,225.2,117.0,229.00689968943746,317.40042938246427,251.14371003329543,336.0,229.0,320.0,186.99999984113498,326.4,187.0470460448349,324.8,235.4599377877816,320.0691749889256,96.54331683971121,167.33171768698068,158.25716421548103,77.16149915671987,153.51499053695682,1550512003.0258222,208.50958697168934,102.5672745423097,bottom
325,325,197.8,90.80958121397448,214.6,125.0,198.0,125.0,141.4,136.4871102002287,158.93177625653325,127.83023952571295,250.0,133.0,256.2,187.0,246.0,270.6,210.4,203.0,191.6,203.0,133.0,226.0,154.0,313.0,231.4,222.0,231.4,286.2,237.42405342447518,320.0,199.43824296101997,99.24039795438074,206.2,84.64317443157691,213.8854022766193,117.59800689592585,225.2,101.0,229.00689968943746,317.40042938246427,251.14371003329543,336.0,229.0,320.0,186.9999998533628,326.4,187.0434615766666,324.8,235.46090810716026,320.0692609952694,97.85914930356725,169.89448545551778,158.25716421548103,74.66399599371023,155.11059624314672,1550512003.0258222,208.50472904752786,98.65823209917158,bottom
330,330,197.8,94.75759488185335,214.6,140.0,187.0,140.0,141.4,135.09059998796369,159.46809349883338,123.77998450413307,250.0,140.0,256.2,195.0,246.0,270.6,210.4,211.0,191.6,211.0,133.0,219.0,154.0,313.0,231.4,211.0,231.4,286.2,237.42405342447518,313.0,199.44914731226112,99.2407774372969,206.2,89.93967866431528,213.89103425559043,117.59615261524551,225.2,90.47851086455437,229.00689968943746,317.40042938246427,251.14371003329543,336.0,229.0,320.0,186.99999989671105,326.4,187.03060914758228,324.8,230.37733428670344,312.9461443533708,85.18056219376757,167.33171768698068,158.25716421548103,54.48399697075374,149.25264130990868,1550512003.0258222,208.5080363135703,98.40254289265309,bottom
332,332,197.8,90.1276736116785,214.6,140.4,188.4167729591837,106.42538265306122,141.4,134.9366510865579,159.91144216952162,122.1232970906231,250.0,154.6,256.2,215.6,250.0,270.6,208.0,214.0,208.0,203.0,133.0,211.0,154.0,305.0,219.0,222.0,219.0,286.2,237.42405342447518,319.8445530353451,199.450656373848,99.24082995424364,206.2,85.53584665230613,213.89181366952758,117.59589599990429,225.2,85.82263323597441,229.00689968943746,317.40042938246427,251.14371003329543,336.0,229.0,323.3142108404464,187.0,326.4,187.0,324.8,228.89292555983246,310.8658781256558,83.49519819809206,151.29449900374638,103.88095545485113,45.21505380343639,142.35986762837953,1550512003.0258222,208.5084940086751,95.6645758908214,bottom
334,334,197.8,93.35943201193436,214.6,125.0,198.0,125.0,141.4,134.92994104012178,160.51965639717906,120.19729960298645,250.0,133.0,256.2,164.0,246.0,270.6,210.4,203.0,191.6,203.0,133.0,226.0,154.0,313.0,231.4,222.0,231.4,286.2,237.42405342447518,313.0,199.4497586550237,99.24079871267477,206.2,88.4483455445977,213.89135000749474,117.5960486566443,225.2,101.0,229.00689968943746,317.40042938246427,251.14371003329543,336.0,229.0,320.0,186.99999994023904,326.4,187.01477499895728,324.8,227.51869883188598,308.9396203830286,97.85914930356725,167.33171768698068,158.25716421548103,48.59013726927386,155.11059624314672,1550512003.0258222,208.50822173250373,99.92892498517023,bottom
337,337,197.8,95.46479861947245,198.0,140.0,187.0,140.0,171.0524111006879,137.8762403962746,170.6698341090553,121.2245557905996,250.0,140.0,256.2,215.6,246.0,270.6,208.0,203.0,208.0,211.0,133.0,227.53719008264463,154.0,305.0,231.4,211.0,219.0,286.2,237.42405342447518,319.8445530353451,199.45014741598342,99.24081224196851,206.2,90.08322688522264,213.89155079831158,117.59598254799327,225.2,84.59560258389567,229.00689968943746,317.40042938246427,251.14371003329543,335.514233241506,227.71088040434398,317.3,186.99999996424748,326.4,187.0,324.8,227.8342335855092,292.85106852014127,87.26632897670461,141.93104775800145,114.38606555615543,47.406414796567475,140.26875047954638,1550512003.0258222,208.50833964285897,97.3960845757105,bottom
339,339,197.8,97.83555535943468,214.6,148.0,198.0,140.0,169.4537268096627,138.95228959165658,174.95281527608452,124.16339250219104,250.0,148.0,256.2,195.0,246.0,270.6,210.4,211.0,191.6,211.0,133.0,219.0,154.0,313.0,231.4,219.0,231.4,286.2,237.42405342447518,313.0,199.45008812664054,99.24081017863544,206.2,91.50696144246571,213.89152017600776,117.59599263012369,225.2,117.0,229.00689968943746,317.40042938246427,251.14371003329543,336.0,229.0,320.0,186.99999996190547,326.4,187.00600153829959,324.8,227.56411224787814,286.5029765415248,85.18056219376757,167.33171768698068,158.25716421548103,43.903490493165094,149.68133349350697,1550512003.0258222,208.5083216605297,104.63586392213192,bottom
342,342,197.8,94.80797557330447,214.6,111.12187300974917,197.75321079676084,106.85134474796861,166.90098328501958,140.66426412358754,124.8,125.14938266446786,250.0,154.6,256.2,215.6,246.0,270.6,219.0,214.0,208.0,203.0,133.0,226.0,154.0,305.0,219.0,222.0,219.0,286.2,237.42405342447518,313.0,199.45011821353577,99.24081122569164,206.2,87.64017565379238,213.8915357155632,117.59598751385859,225.2,80.93230664924778,229.00689968943746,317.40042938246427,251.14371003329543,336.0,229.0,320.0,186.9999999707339,326.4,187.00376766293755,324.8,227.92556238141051,275.59323624309917,92.16276412309227,145.4928512089814,109.64440665602278,48.43593951885478,131.9450805799771,1550512003.0258222,208.50833078581977,96.04345132317897,bottom
344,344,197.8,97.56672571319176,214.6,140.0,187.0,133.0,165.22606382126475,141.79300825328139,124.8,126.20855047374724,250.0,140.0,256.2,187.0,246.0,270.6,210.4,211.0,191.6,211.0,133.0,226.17355371900828,154.0,313.0,231.4,211.0,231.4,286.2,237.42405342447518,313.0,199.4501257227734,99.24081148702079,206.2,91.61621075570277,213.8915395940025,117.59598623691576,225.2,109.0,229.00689968943746,317.40042938246427,251.14371003329543,336.0,229.0,320.0,186.99999997851918,326.4,187.0,328.0,228.0010367840846,268.6002836947177,90.92045722697307,167.33171768698068,158.25716421548103,48.1789784825806,151.41806984762408,1550512003.0258222,208.50833306335522,103.00394683856621,bottom
349,349,197.8,109.0,214.6,133.0,187.0,125.0,165.37647956099468,141.69102141343382,124.8,128.68631985077675,250.0,133.0,256.2,180.0,246.0,270.6,210.4,203.0,191.6,203.0,133.0,234.0,154.0,313.0,231.4,222.0,231.4,286.2,237.42405342447518,313.0,199.45012732176016,99.24081154266729,206.2,101.0,213.89154041986188,117.59598596500868,225.2,101.0,229.00689968943746,317.40042938246427,251.14371003329543,336.0,229.0,320.0,185.09523808623496,331.61206538831965,184.82415683146127,326.2367184749739,228.07247761384892,266.1631548285767,102.99303185519423,167.33171768698068,158.25716421548103,55.017675953997916,157.15022751830475,1550512003.0258222,208.50833354832443,105.56735950153521,bottom
353,353,197.8,109.0,214.6,133.0,187.0,133.0,165.48195783546214,141.61986778228297,169.68787694235544,133.0,250.0,133.0,256.2,180.0,246.0,270.6,210.4,211.0,191.6,211.0,133.0,234.0,154.0,313.0,231.4,211.0,231.4,286.2,237.42405342447518,320.0,192.2084387206027,102.20067626070127,206.2,101.0,213.8915399772116,117.59598611074749,225.2,90.38703829241493,229.00689968943746,317.40042938246427,251.14371003329543,336.0,229.0,320.0,184.2134038766006,329.5881378886833,184.09357698564332,325.8948532250712,230.77795226606872,278.4841145429225,96.54331683971121,169.89448545551778,158.25716421548103,58.31974446204523,153.21178871079292,1550512003.0258222,207.05999573956288,104.03674013277274,bottom
358,358,197.8,125.0,214.6,148.0,177.0,148.0,141.4,135.6,159.79420736682744,162.6,250.0,148.0,256.2,195.0,246.0,270.6,210.4,219.0,191.6,203.0,133.0,226.0,154.0,304.16326530612236,231.4,226.0,231.4,286.2,237.42405342447518,313.0,191.4,117.0,206.2,81.08960496917501,213.8915400393586,117.59598609028612,225.2,84.66908128952122,229.00689968943746,317.40042938246427,251.14371003329543,336.0,229.0,320.0,184.6131687215064,330.50813716229777,184.51729379241397,328.13575616441386,233.32009357114825,289.8655460215631,96.3911430401567,167.33171768698068,158.25716421548103,56.226048490349065,146.14663315080782,1550512003.0258222,206.89830800787172,105.07093446979647,bottom
360,360,197.8,135.8,214.6,140.4,178.90208365109365,129.4,166.0,135.6,149.5846628245336,162.6,250.0,154.6,256.2,215.6,246.0,270.6,210.4,214.0,191.6,203.0,133.0,211.0,154.0,301.47120181405893,231.4,222.0,231.4,286.2,237.42405342447518,313.0,191.4,72.09328013968916,206.2,70.174546047127,213.89154003293697,117.59598609240038,225.2,73.2976171115276,229.00689968943746,317.40042938246427,251.14371003329543,336.0,229.0,320.0,195.94679600073482,330.35971024702235,188.8908633686281,324.1946146131998,239.2048484356723,297.8032119831706,84.70592229235997,167.33171768698068,158.25716421548103,44.268650542327634,144.0850248531032,1550512003.0258222,206.89830800658743,93.79228587814883,bottom
366,366,173.85220894170232,135.8,198.0,140.4,166.0,129.4,125.0,135.6,124.8,162.6,240.0,154.6,250.0,215.6,246.0,270.6,219.0,214.0,198.0,203.0,133.0,211.0,154.0,305.0,240.0,222.0,229.0,286.2,240.0,313.0,168.25307376136902,59.09705142723015,177.450891261612,57.78179184404465,184.66500529075006,90.70531907835401,225.2,60.361311132354395,229.0,317.40042938246427,240.0,336.0,229.0,328.0,198.0,326.4,198.0,324.8,229.0,305.0,84.4231717886198,147.96178711218897,111.80140948635172,14.383417697770131,116.39385538694813,1550512003.0258222,185.88423585108666,80.74909469639664,bottom
370,370,177.0,93.0,214.6,140.4,176.8,129.4,114.0,125.0,124.8,162.6,250.0,154.6,271.0,215.6,240.0,180.0,208.0,203.0,177.0,211.0,133.0,313.0,154.0,308.2,229.0,222.0,240.0,286.2,240.0,313.0,177.0,86.0,187.0,66.32325570881035,166.0,86.0,225.2,78.0,229.00689968943746,317.40042938246427,250.0,336.0,229.0,328.0,204.2631877847114,326.4,197.86279744523983,324.8,237.85714285714286,298.14285714285717,53.79095716367771,170.27737568805972,118.48463617689391,85.98293163737246,173.4708878669501,1550512003.0258222,186.44,81.86465114176207,bottom
375,375,187.0,78.0,214.6,117.0,176.8,109.0,141.4,135.6,124.8,162.6,250.0,117.0,240.0,172.0,246.0,187.0,210.4,219.0,191.6,203.0,133.0,313.0,154.0,308.2,231.4,211.0,231.4,286.2,240.0,313.0,177.0,78.0,187.0,70.0,166.0,78.0,225.2,70.0,229.00689968943746,317.40042938246427,250.0,336.0,229.0,320.0,198.0,326.4,188.63393359973202,324.8,210.41609977324262,302.3061224489796,49.07955312019379,162.20879689125343,147.31962063437774,70.31334586272173,163.0741928762413,1550512003.0258222,188.44,74.8,bottom
383,383,198.0,101.0,214.6,117.0,156.0,109.0,114.0,133.0,124.8,162.6,250.0,125.0,240.0,180.0,246.0,187.0,210.4,219.0,191.6,203.0,133.0,313.0,154.0,308.2,231.4,211.0,229.0,286.2,240.0,320.0,187.0,86.0,198.0,93.0,177.0,78.0,219.0,86.0,229.00689968943746,317.40042938246427,250.0,336.0,229.0,320.0,198.0,326.4,198.0,324.8,205.75,293.6805555555556,49.07955312019379,160.14487518933873,132.30854305638638,68.11178123169475,162.3177433239674,1550512003.0258222,195.8,88.8,bottom
399,399,198.0,86.0,208.0,117.0,166.0,117.0,114.0,133.0,124.8,162.6,240.0,117.0,260.0,172.0,246.0,187.0,208.0,226.0,177.0,203.0,133.0,313.0,154.0,308.2,229.0,226.0,229.0,313.0,237.42405342447518,327.08241175,187.0,71.45454545454545,208.0,78.0,177.0,78.0,219.0,78.0,229.00689968943746,317.40042938246427,246.4503798345142,308.2713081768229,230.10516825396823,318.3483107223842,194.80716967930027,326.4,198.68677777777773,324.8,203.17378818342152,283.44312436801886,55.32358895403569,149.11227202989858,165.8018101571943,79.2713302974406,162.75854060106002,1550512003.0258222,197.8,78.29090909090908,bottom
403,403,208.0,86.0,208.0,117.0,166.0,117.0,114.0,125.0,124.8,162.6,250.0,117.0,260.0,172.0,246.0,180.0,208.0,226.0,177.0,203.0,133.0,313.0,154.0,308.2,229.0,226.0,229.0,313.0,237.42405342447518,326.9533143619429,198.0,78.0,208.0,78.0,187.0,78.0,219.0,78.0,229.00689968943746,317.40042938246427,246.37852835170585,308.05845088643133,230.04640705015876,318.4191594786913,200.61171425288845,326.4,202.2897990652557,324.8,208.2370429294206,278.30986589412004,55.32358895403569,148.87930291358325,165.8257162667181,80.15679085185305,162.75854060106002,1550512003.0258222,204.0,79.6,bottom
411,411,197.8,101.0,214.6,125.0,198.0,109.0,146.0,135.6,83.0,162.6,250.0,133.0,256.2,195.0,242.44380165289257,187.0,219.0,203.0,198.0,195.0,133.0,203.0,156.0,305.0,240.0,211.0,240.0,313.0,237.42405342447518,326.87568823892,191.4,93.0,206.2,93.0,219.0,93.0,225.2,93.0,229.0,313.0,243.83499976586756,312.79321757093413,230.07316836634175,318.28888251033607,125.0,328.0,125.0,328.0,166.0,313.0,84.30938824340632,169.48307538467117,174.2692494431851,76.97266586080409,146.19212525787538,1550512003.0258222,207.92000000000002,94.6,bottom
